{"cameraMode":{"drawMode":0,"name":"Shaded","section":"Shading Mode"},"sceneLighting":false,"audioPlay":false,"sceneViewState":{"showFog":true,"showMaterialUpdate":true,"showSkybox":true,"showFlares":true,"showImageEffects":true,"showParticleSystems":true},"in2DMode":false,"pivot":{"x":4.038945198059082,"y":-0.8929920196533203,"z":4.722735404968262},"rotation":{"x":-0.44197651743888857,"y":0.16829995810985566,"z":-0.0848158597946167,"w":-0.8770087361335754},"size":15.254948616027832,"orthographic":false}