{"cameraMode":{"drawMode":0,"name":"Shaded","section":"Shading Mode"},"sceneLighting":false,"audioPlay":false,"sceneViewState":{"showFog":true,"showMaterialUpdate":true,"showSkybox":true,"showFlares":true,"showImageEffects":true,"showParticleSystems":true},"in2DMode":false,"pivot":{"x":1.9939770698547364,"y":-1.6202526092529297,"z":2.850153923034668},"rotation":{"x":-0.44197651743888857,"y":0.16829995810985566,"z":-0.0848158597946167,"w":-0.8770087361335754},"size":19.708969116210939,"orthographic":false}